,source,target,weight
285,2787.0,1814.0,44
556,6716.0,6734.0,34
1050,2147.0,1777.0,27
1258,3576.0,10425.0,26
1545,1322.0,5712.0,24
1567,5467.0,2805.0,24
1610,853.0,2592.0,24
1662,11697.0,2349.0,23
1753,11063.0,1116.0,23
1777,6345.0,5131.0,23
1926,3511.0,6911.0,22
1939,644.0,801.0,22
2022,881.0,12784.0,22
2038,1576.0,1745.0,22
2092,1322.0,27654.0,21
2172,14719.0,1116.0,21
2280,1322.0,7308.0,21
2350,1576.0,2310.0,20
2377,1322.0,7348.0,20
2455,14690.0,1322.0,20
2475,11011.0,8876.0,20
2597,11523.0,1116.0,20
2937,14805.0,1116.0,19
3056,12578.0,7348.0,19
3089,9201.0,1777.0,18
3164,7348.0,5712.0,18
3167,15157.0,1116.0,18
3204,17229.0,1619.0,18
3251,12578.0,1322.0,18
3352,1920.0,47.0,18
3407,5489.0,17233.0,18
3421,8840.0,3092.0,18
3491,23623.0,8621.0,18
3643,1956.0,801.0,17
3658,3907.0,8876.0,17
3676,11184.0,3092.0,17
3687,23637.0,1949.0,17
3808,16458.0,3272.0,17
3845,6366.0,1777.0,17
4018,4059.0,1384.0,17
4140,6726.0,6250.0,17
4171,5101.0,5608.0,16
4182,7308.0,7348.0,16
4184,11695.0,19766.0,16
4450,1444.0,1352.0,16
4595,8876.0,27063.0,16
4653,1777.0,10409.0,16
4665,853.0,801.0,16
4702,2534.0,4763.0,16
4809,9311.0,582.0,16
4897,17202.0,9437.0,15
4918,17266.0,13829.0,15
4980,29167.0,3788.0,15
5128,23798.0,4235.0,15
5166,6726.0,10386.0,15
5179,8944.0,1777.0,15
5198,3534.0,1777.0,15
5362,5083.0,801.0,15
5506,6872.0,1777.0,15
5564,3511.0,9638.0,15
5663,10490.0,801.0,15
5690,5944.0,7436.0,15
5825,10386.0,6250.0,14
6022,582.0,6772.0,14
6031,8876.0,17992.0,14
6102,4444.0,3820.0,14
6123,4970.0,10134.0,14
6462,1949.0,17275.0,14
6468,881.0,24729.0,14
6480,5237.0,2814.0,14
6670,853.0,2092.0,14
6764,1266.0,3272.0,14
6793,4809.0,6734.0,14
6866,5224.0,3092.0,13
6875,2481.0,6721.0,13
6934,1920.0,256.0,13
7255,2349.0,2090.0,13
7317,3576.0,23307.0,13
7326,3979.0,3272.0,13
7520,4809.0,6716.0,13
7605,2884.0,6990.0,13
7852,16553.0,8632.0,13
7918,18278.0,3092.0,13
8127,3116.0,47.0,13
8212,6726.0,4334.0,13
8246,3637.0,29365.0,13
8329,27740.0,3092.0,12
8399,6204.0,16407.0,12
8486,582.0,333.0,12
8538,4334.0,10386.0,12
8616,6734.0,7574.0,12
8807,8596.0,11394.0,12
8864,11137.0,14322.0,12
9042,3511.0,13424.0,12
9111,17078.0,1116.0,12
9164,1949.0,9902.0,12
9311,11695.0,2921.0,12
9413,27907.0,3788.0,12
9496,9619.0,8876.0,12
9558,27887.0,2805.0,12
9571,14690.0,7348.0,12
9757,6716.0,7574.0,12
9896,3511.0,13987.0,12
9968,12249.0,1116.0,12
10202,7359.0,11163.0,11
10203,3116.0,301.0,11
10287,881.0,13205.0,11
10469,6090.0,14793.0,11
10633,7467.0,3877.0,11
10741,1920.0,301.0,11
10900,12484.0,1777.0,11
10909,8632.0,24412.0,11
10926,6535.0,6973.0,11
10942,7380.0,16480.0,11
11062,1930.0,22323.0,11
11118,5727.0,2805.0,11
11167,1576.0,16224.0,11
11496,5434.0,4785.0,11
11502,2465.0,2193.0,11
11519,24336.0,11394.0,11
11527,3922.0,2805.0,11
11537,3511.0,10996.0,11
11665,3637.0,38.0,11
11703,6383.0,2481.0,11
11905,7826.0,3207.0,11
12302,12598.0,3788.0,11
12364,1920.0,3339.0,11
12384,6366.0,3534.0,11
12702,801.0,1619.0,10
12715,2867.0,25540.0,10
12948,1384.0,3925.0,10
13210,1930.0,9949.0,10
13462,582.0,1687.0,10
13814,14267.0,12137.0,10
13982,4744.0,6490.0,10
14041,1814.0,1619.0,10
14086,21981.0,5101.0,10
14350,17718.0,2264.0,10
14401,4705.0,2090.0,10
14784,236.0,582.0,10
14785,14383.0,881.0,10
14982,4705.0,2349.0,10
14994,2867.0,1454.0,10
15010,17618.0,3820.0,10
15027,5839.0,2884.0,10
15169,4346.0,4235.0,10
15264,2867.0,644.0,10
15271,2814.0,10335.0,10
15403,14322.0,6523.0,10
15552,10924.0,8876.0,10
15658,853.0,11978.0,10
16044,4445.0,3375.0,9
16051,10925.0,1116.0,9
16125,11132.0,2884.0,9
16200,22258.0,853.0,9
16225,1015.0,988.0,9
16231,2118.0,2193.0,9
16263,5740.0,4154.0,9
16310,2826.0,4616.0,9
16375,10925.0,2884.0,9
16401,11646.0,25160.0,9
16532,853.0,1956.0,9
16711,5771.0,4965.0,9
16788,5718.0,3092.0,9
16841,6990.0,1116.0,9
16964,15581.0,1777.0,9
17248,5963.0,10461.0,9
17332,14393.0,1444.0,9
17510,11475.0,3820.0,9
17575,28618.0,4235.0,9
17643,14256.0,1814.0,9
17745,14322.0,16574.0,9
17909,2092.0,11978.0,9
17934,10461.0,14205.0,9
18061,16196.0,8076.0,9
18174,2092.0,801.0,9
18188,4300.0,644.0,9
18364,1384.0,2077.0,9
18384,16149.0,2426.0,9
18429,2884.0,1116.0,9
18446,1285.0,10895.0,9
18537,5017.0,6720.0,9
19111,22186.0,7102.0,9
19146,1015.0,98.0,9
19244,5862.0,2739.0,9
19259,853.0,6725.0,9
19398,881.0,5492.0,9
19403,11132.0,1116.0,9
19672,4171.0,13986.0,9
19807,4763.0,8495.0,9
19932,2884.0,10970.0,9
20346,1920.0,1072.0,9
20361,6726.0,11147.0,9
20485,7355.0,2077.0,9
20663,2787.0,1619.0,9
20738,14592.0,4235.0,8
20749,2814.0,20925.0,8
20952,1015.0,735.0,8
20989,28187.0,17194.0,8
21181,14668.0,4763.0,8
21217,4171.0,13103.0,8
21235,10970.0,1116.0,8
21301,582.0,788.0,8
21415,1384.0,9305.0,8
21451,4033.0,3092.0,8
21514,3139.0,3272.0,8
21555,4219.0,9623.0,8
21731,5569.0,5774.0,8
21780,3086.0,1777.0,8
21890,2135.0,2193.0,8
21978,20370.0,8632.0,8
22043,881.0,4667.0,8
22052,14518.0,7416.0,8
22208,5416.0,6726.0,8
22246,2616.0,2090.0,8
22478,1920.0,3464.0,8
22525,12496.0,2092.0,8
22545,3116.0,3464.0,8
22567,6378.0,1814.0,8
22579,12446.0,25318.0,8
22605,12436.0,4785.0,8
22704,5017.0,3534.0,8
22868,1777.0,18896.0,8
22901,2867.0,7780.0,8
23066,5779.0,2118.0,8
23147,11230.0,7276.0,8
23178,3116.0,4785.0,8
23333,1015.0,349.0,8
23415,18997.0,1698.0,8
23416,14561.0,1777.0,8
23445,19856.0,2077.0,8
23496,11235.0,1352.0,8
23526,11235.0,1444.0,8
23622,8118.0,1015.0,8
23663,5305.0,7780.0,8
23733,10461.0,6997.0,8
23964,2805.0,21998.0,8
23986,4154.0,25366.0,8
24058,10386.0,11147.0,8
24258,5017.0,12985.0,8
24542,6090.0,14843.0,8
24642,2426.0,69.0,8
24713,9469.0,1116.0,8
24782,5315.0,5574.0,8
24784,4763.0,17800.0,8
24986,4763.0,18674.0,8
25077,22968.0,4763.0,8
25254,12237.0,5823.0,8
25305,6366.0,12484.0,8
25434,881.0,16301.0,8
25556,17186.0,1322.0,8
25596,17190.0,6535.0,8
25973,1777.0,13236.0,8
26054,5315.0,6447.0,8
26201,4862.0,2005.0,8
26340,4219.0,12733.0,8
26654,3070.0,4341.0,8
26663,3375.0,5967.0,8
26687,18686.0,3788.0,8
26848,2481.0,18944.0,8
26896,1384.0,16903.0,8
26993,6148.0,19103.0,8
27113,14267.0,22186.0,8
27161,10353.0,5920.0,8
27218,4763.0,11057.0,8
27325,11475.0,4444.0,8
27679,1920.0,8600.0,7
27691,14267.0,7102.0,7
27718,7826.0,4000.0,7
27866,10353.0,7903.0,7
27956,4444.0,5961.0,7
27975,536.0,4308.0,7
28175,4414.0,1698.0,7
28228,15581.0,6366.0,7
28241,23676.0,1814.0,7
28264,10836.0,4763.0,7
28369,3044.0,15302.0,7
28865,8995.0,3070.0,7
28889,9924.0,14097.0,7
28966,10685.0,2264.0,7
28985,5237.0,15391.0,7
28992,582.0,15382.0,7
29147,16648.0,4785.0,7
29298,9812.0,4323.0,7
29308,4300.0,13088.0,7
29341,4000.0,19395.0,7
29452,2884.0,13823.0,7
29512,29209.0,11646.0,7
29602,5173.0,1920.0,7
29867,7913.0,5101.0,7
29974,15706.0,2884.0,7
30085,14132.0,1116.0,7
30165,670.0,2193.0,7
30225,9638.0,6911.0,7
30415,5740.0,3788.0,7
30418,28924.0,7276.0,7
30427,14097.0,2825.0,7
30433,9511.0,2739.0,7
30530,1873.0,853.0,7
30592,10461.0,15302.0,7
30666,22463.0,16053.0,7
30689,22462.0,3820.0,7
30827,2029.0,3788.0,7
31079,3116.0,4559.0,7
31189,14720.0,853.0,7
31267,8271.0,4235.0,7
31328,1322.0,2118.0,7
31354,16730.0,4294.0,7
31451,9930.0,3272.0,7
31497,12032.0,582.0,7
31555,13908.0,4785.0,7
31709,2884.0,14132.0,7
31752,5015.0,8729.0,7
31764,5015.0,11684.0,7
31786,3467.0,1444.0,7
31837,22503.0,29107.0,7
31927,7189.0,1116.0,7
31991,2616.0,2349.0,7
32016,3717.0,4000.0,7
32089,4300.0,9259.0,7
32159,6726.0,12483.0,7
32163,7167.0,16712.0,7
32245,2193.0,10838.0,7
32256,22790.0,7596.0,7
32300,6090.0,5101.0,7
32315,2814.0,15391.0,7
32397,14097.0,16638.0,7
32404,2586.0,4444.0,7
32772,2805.0,5066.0,7
32876,9812.0,2008.0,7
32915,5779.0,5017.0,7
33019,16053.0,1619.0,7
33038,3116.0,1193.0,7
33176,4802.0,15095.0,7
33264,881.0,16683.0,7
33321,23166.0,4219.0,7
33365,1930.0,20033.0,7
33554,329.0,1015.0,7
33697,4059.0,2077.0,7
33708,13823.0,1116.0,7
33759,4632.0,7608.0,7
34208,10169.0,5574.0,7
34267,4444.0,9150.0,7
34345,11159.0,10557.0,7
34346,5015.0,10340.0,7
34417,1698.0,14235.0,7
34468,14628.0,18581.0,7
34697,3511.0,25972.0,7
34713,14194.0,8632.0,7
34767,9381.0,1698.0,7
34949,5315.0,11419.0,7
34976,1444.0,9511.0,7
35191,4970.0,29564.0,7
35249,19193.0,16053.0,7
35462,22797.0,5101.0,7
35485,7193.0,6924.0,7
35619,19183.0,21652.0,7
35811,11159.0,13430.0,7
35868,4127.0,1920.0,7
35985,1920.0,1531.0,7
36057,6383.0,6721.0,7
36078,11614.0,2805.0,7
36108,6431.0,1698.0,7
36138,10396.0,3044.0,7
36155,3511.0,16629.0,7
36340,19635.0,10564.0,7
36372,2077.0,2118.0,7
36431,5315.0,10780.0,7
36504,1322.0,21585.0,7
36544,9765.0,20155.0,7
36763,4508.0,12611.0,7
36887,1215.0,2005.0,7
37048,16730.0,2231.0,7
37183,6366.0,3086.0,7
37326,5305.0,1352.0,7
37329,14097.0,3494.0,7
37361,4632.0,1105.0,7
37739,2005.0,98.0,7
37899,4333.0,3626.0,7
38029,5270.0,5771.0,7
38523,14518.0,4333.0,6
38654,7826.0,6734.0,6
38676,8718.0,2814.0,6
38692,2360.0,8954.0,6
38701,9253.0,15989.0,6
38878,12137.0,7102.0,6
39380,17190.0,14256.0,6
39410,3116.0,5434.0,6
39455,1930.0,11802.0,6
39463,3576.0,8621.0,6
39514,5574.0,2825.0,6
39529,881.0,2373.0,6
39720,18639.0,1777.0,6
39753,7505.0,5774.0,6
39820,18584.0,4333.0,6
39837,1576.0,20878.0,6
39915,18598.0,4000.0,6
40010,7911.0,3788.0,6
40175,7102.0,2264.0,6
40220,3116.0,58.0,6
40383,6700.0,7075.0,6
40837,23092.0,3116.0,6
41145,6221.0,853.0,6
41309,26.0,20007.0,6
41320,853.0,1814.0,6
41448,6726.0,8357.0,6
41486,6345.0,4219.0,6
41512,5315.0,15965.0,6
41542,3375.0,10564.0,6
41816,10996.0,13424.0,6
41940,2805.0,24937.0,6
42059,6734.0,13066.0,6
42299,18944.0,10448.0,6
42441,8312.0,5774.0,6
42582,7189.0,9469.0,6
42636,5489.0,3514.0,6
42672,7276.0,6221.0,6
42690,3070.0,6522.0,6
42813,11159.0,10868.0,6
43021,22635.0,17683.0,6
43029,11272.0,4616.0,6
43042,11084.0,5017.0,6
43056,27909.0,801.0,6
43191,6890.0,1920.0,6
43248,9253.0,22761.0,6
43281,22047.0,2264.0,6
43353,12225.0,12604.0,6
43556,1873.0,4283.0,6
43603,2349.0,12682.0,6
43784,13396.0,6845.0,6
43895,16288.0,4333.0,6
44173,9996.0,6845.0,6
44300,16044.0,6107.0,6
44378,1930.0,6427.0,6
44405,10895.0,1949.0,6
44426,6378.0,7075.0,6
44604,3116.0,256.0,6
44748,2005.0,5823.0,6
44784,12523.0,7596.0,6
44829,3467.0,1698.0,6
44849,2077.0,6349.0,6
44895,23676.0,17190.0,6
44903,5909.0,2264.0,6
45045,10895.0,3446.0,6
45326,19763.0,4970.0,6
45601,5233.0,7853.0,6
45796,6112.0,2193.0,6
45963,6726.0,8791.0,6
46002,1920.0,7132.0,6
46132,22970.0,7467.0,6
46264,1930.0,9253.0,6
46280,5416.0,10386.0,6
46400,582.0,14517.0,6
46452,6447.0,5574.0,6
46667,8150.0,19705.0,6
46682,1873.0,7877.0,6
46765,13844.0,10895.0,6
46840,582.0,24342.0,6
46870,3788.0,13846.0,6
46950,2884.0,12862.0,6
47309,2787.0,5967.0,6
47623,6567.0,19499.0,6
47831,24113.0,12280.0,6
48031,6366.0,10409.0,6
48208,1015.0,14650.0,6
48222,19505.0,3637.0,6
48304,24044.0,14027.0,6
48644,4161.0,3375.0,6
48672,11990.0,18944.0,6
48702,5968.0,801.0,6
49032,11458.0,3637.0,6
49034,9812.0,29365.0,6
49125,13325.0,4785.0,6
49257,4169.0,3701.0,6
49284,7826.0,13103.0,6
49303,21955.0,1698.0,6
49368,4333.0,7416.0,6
49397,9078.0,788.0,6
49692,2005.0,10914.0,6
49712,6366.0,2147.0,6
49789,13463.0,8076.0,6
50103,6716.0,13066.0,6
50150,2426.0,2487.0,6
50453,12176.0,3070.0,6
50478,13325.0,5434.0,6
50543,2090.0,12682.0,6
50705,751.0,5771.0,6
50846,6376.0,801.0,6
51015,1322.0,9614.0,6
51148,6345.0,10017.0,6
51189,1384.0,2426.0,6
51281,10386.0,12483.0,6
51295,7911.0,13846.0,6
51352,1920.0,1774.0,6
51499,582.0,930.0,6
51940,11110.0,21105.0,6
51971,12588.0,8729.0,6
52311,11990.0,6721.0,6
52412,10868.0,5101.0,6
52414,13588.0,6090.0,6
52422,12862.0,1116.0,6
52478,9528.0,4235.0,6
52507,6716.0,7826.0,6
52575,3892.0,4763.0,6
52578,3873.0,801.0,6
52683,9623.0,10017.0,6
53014,2814.0,14393.0,6
53023,881.0,21958.0,6
53135,23758.0,5315.0,6
53142,12296.0,4744.0,6
53166,12347.0,4219.0,6
53397,17802.0,1384.0,6
53565,11167.0,20984.0,6
53642,29107.0,17728.0,6
53821,17924.0,3820.0,6
53827,5489.0,5461.0,6
53940,29059.0,3604.0,6
54000,29533.0,2814.0,6
54001,582.0,13544.0,6
54173,12496.0,853.0,6
54274,1475.0,582.0,6
54411,5017.0,4225.0,6
54436,6366.0,9201.0,6
54705,10602.0,11394.0,6
54760,4291.0,13648.0,6
54887,29573.0,12104.0,6
54916,14507.0,29107.0,6
55058,22463.0,1619.0,6
55119,1384.0,16807.0,6
55149,5504.0,4511.0,6
55176,4632.0,6928.0,6
55195,1384.0,16437.0,6
55267,972.0,2005.0,6
55280,23203.0,10564.0,6
55373,3467.0,1352.0,6
55572,23863.0,10621.0,6
56087,22457.0,4235.0,5
56248,10340.0,8729.0,5
56342,16131.0,7184.0,5
56417,23619.0,6721.0,5
56618,1742.0,14518.0,5
56939,8246.0,7193.0,5
56959,3058.0,2090.0,5
56983,12425.0,2193.0,5
56990,23721.0,1920.0,5
57016,4219.0,8621.0,5
57059,29475.0,5953.0,5
57151,29499.0,4219.0,5
57505,10472.0,3534.0,5
57508,29076.0,1352.0,5
57645,3511.0,9253.0,5
57647,18944.0,6721.0,5
57669,14097.0,2739.0,5
57802,12588.0,5015.0,5
57816,12588.0,10340.0,5
57843,2481.0,19103.0,5
57889,17202.0,8818.0,5
57930,9534.0,7596.0,5
58064,881.0,16526.0,5
58221,4444.0,3086.0,5
58270,2092.0,1956.0,5
58339,5315.0,28622.0,5
58453,4300.0,20097.0,5
58647,17202.0,18328.0,5
58691,5237.0,26665.0,5
58704,1015.0,1784.0,5
58761,23203.0,3375.0,5
58800,21106.0,13325.0,5
58912,11930.0,2884.0,5
58946,853.0,14213.0,5
59013,2616.0,8729.0,5
59027,12673.0,3116.0,5
59088,5305.0,2867.0,5
59109,1015.0,4822.0,5
59214,4308.0,3311.0,5
59247,21195.0,8076.0,5
59304,6167.0,10180.0,5
59420,5315.0,10169.0,5
59518,6383.0,11990.0,5
59661,4059.0,2426.0,5
59999,12498.0,1116.0,5
60041,6167.0,24878.0,5
60071,19193.0,1619.0,5
60083,3604.0,6204.0,5
60092,3272.0,7497.0,5
60113,1930.0,22761.0,5
60423,6221.0,23694.0,5
60462,4632.0,3717.0,5
60699,2787.0,4333.0,5
60720,28579.0,3788.0,5
60744,11615.0,18327.0,5
60757,2373.0,853.0,5
60878,4283.0,2090.0,5
60958,17768.0,25318.0,5
61006,10180.0,6427.0,5
61176,1930.0,10605.0,5
61372,3788.0,10147.0,5
61380,1930.0,21151.0,5
61384,22371.0,2426.0,5
61518,9996.0,24647.0,5
61622,2106.0,2805.0,5
61639,10038.0,18581.0,5
61731,5341.0,7380.0,5
61789,1873.0,18869.0,5
61874,3070.0,11790.0,5
61888,7663.0,6148.0,5
61991,14322.0,4241.0,5
62002,853.0,26756.0,5
62159,5083.0,853.0,5
62203,15655.0,2884.0,5
62340,28869.0,3070.0,5
62350,21099.0,2426.0,5
62479,10271.0,4235.0,5
62579,1576.0,13986.0,5
62585,9638.0,13424.0,5
62789,21105.0,26295.0,5
62923,23903.0,801.0,5
62932,11230.0,6221.0,5
63056,10017.0,5131.0,5
63083,21106.0,4785.0,5
63308,15485.0,801.0,5
63315,9664.0,18581.0,5
63360,8442.0,1698.0,5
63524,9533.0,6167.0,5
64117,28293.0,2814.0,5
64161,4508.0,2029.0,5
64204,17229.0,4511.0,5
64270,3511.0,27601.0,5
64322,6339.0,582.0,5
64388,18581.0,5196.0,5
64441,7422.0,1920.0,5
64563,2349.0,25160.0,5
64644,8464.0,3147.0,5
64718,1930.0,16663.0,5
64751,3272.0,14382.0,5
64856,4480.0,23322.0,5
64890,12487.0,11159.0,5
64987,2814.0,17251.0,5
64993,4308.0,9.0,5
65038,9111.0,14621.0,5
65278,7681.0,26998.0,5
65358,4000.0,3207.0,5
65612,1670.0,7826.0,5
65638,17046.0,1322.0,5
65844,2928.0,4291.0,5
66188,2193.0,6351.0,5
66194,3604.0,1698.0,5
66246,11387.0,11394.0,5
66259,6427.0,22323.0,5
66322,5727.0,1322.0,5
66536,582.0,1119.0,5
66647,9924.0,2739.0,5
66794,4154.0,3788.0,5
66859,1873.0,13481.0,5
66934,5944.0,6167.0,5
67241,14727.0,801.0,5
67401,4632.0,1331.0,5
67635,10920.0,3092.0,5
67670,3511.0,25750.0,5
67694,9485.0,14322.0,5
67759,20538.0,5771.0,5
67804,14664.0,2426.0,5
67835,29547.0,7348.0,5
67915,6107.0,1698.0,5
67946,1930.0,21013.0,5
67969,10253.0,1777.0,5
68054,11159.0,23321.0,5
68102,19612.0,11646.0,5
68191,19705.0,4225.0,5
68242,7288.0,1698.0,5
68506,3788.0,9314.0,5
68516,3788.0,14610.0,5
68530,15655.0,1116.0,5
68737,12237.0,21039.0,5
68785,17229.0,6567.0,5
68789,14027.0,22933.0,5
69112,2077.0,22989.0,5
69152,7838.0,2825.0,5
69247,10472.0,5017.0,5
69295,1015.0,69.0,5
69356,4367.0,5771.0,5
69369,9151.0,2193.0,5
69383,6721.0,10448.0,5
69385,2092.0,19754.0,5
69429,1015.0,327.0,5
69478,11110.0,29099.0,5
69932,21105.0,29099.0,5
70037,22764.0,7467.0,5
70197,6700.0,6734.0,5
70237,1015.0,1675.0,5
70281,3815.0,2426.0,5
70304,13215.0,26650.0,5
70305,14267.0,4323.0,5
70495,20743.0,801.0,5
70640,6700.0,6716.0,5
70785,1930.0,15989.0,5
70808,28552.0,6152.0,5
70818,18110.0,7681.0,5
70853,1618.0,7596.0,5
70930,19705.0,3375.0,5
71047,4444.0,16063.0,5
71177,9253.0,21013.0,5
71326,9297.0,24979.0,5
71675,5233.0,12675.0,5
71922,1670.0,17403.0,5
71944,1384.0,3147.0,5
72007,3116.0,19183.0,5
72354,4291.0,4911.0,5
72484,7276.0,10637.0,5
72489,20717.0,21199.0,5
72501,10472.0,8150.0,5
72546,1015.0,1244.0,5
72573,7380.0,3701.0,5
73048,881.0,3058.0,5
73062,9638.0,13987.0,5
73102,1873.0,1352.0,5
73278,2092.0,15485.0,5
73548,15985.0,6845.0,5
73663,9949.0,8954.0,5
73762,4169.0,7380.0,5
73798,5237.0,10335.0,5
74028,15091.0,4444.0,5
74299,2551.0,4616.0,5
74366,12673.0,4785.0,5
74407,21172.0,20155.0,5
74471,11110.0,27869.0,5
74719,29564.0,10017.0,5
74755,1322.0,2193.0,5
74766,1034.0,3147.0,5
75010,3604.0,12574.0,5
75387,7214.0,2090.0,5
75434,1322.0,2077.0,5
75495,22635.0,3207.0,5
75521,12588.0,11684.0,5
75674,6383.0,5920.0,5
75994,23623.0,3576.0,5
76650,3147.0,3805.0,5
76673,18218.0,6383.0,5
76798,1920.0,58.0,5
76857,2867.0,15992.0,5
76862,14048.0,13396.0,5
76871,4000.0,11747.0,5
77013,582.0,23542.0,5
77037,21151.0,9253.0,5
77145,4400.0,8729.0,5
77378,12145.0,10368.0,5
77409,5315.0,16618.0,5
77707,13908.0,13325.0,5
77770,8729.0,11684.0,5
77802,2586.0,8974.0,5
77848,10134.0,10017.0,5
77869,27869.0,21105.0,5
77896,13430.0,23321.0,5
78164,1745.0,1352.0,5
78189,3116.0,13908.0,5
78318,42.0,582.0,5
78887,10488.0,1920.0,5
79105,12779.0,2349.0,5
79130,5315.0,2825.0,5
79317,11394.0,1619.0,5
79605,10192.0,582.0,5
79843,2586.0,3788.0,5
79979,19635.0,3375.0,5
80316,7838.0,10169.0,5
80357,5233.0,9812.0,5
80550,582.0,4900.0,5
80684,2005.0,7467.0,5
80747,3070.0,6412.0,5
80808,3116.0,8980.0,5
80843,6107.0,4308.0,5
80929,6152.0,2360.0,5
81052,14393.0,1352.0,5
81284,5083.0,2092.0,5
81415,4511.0,2360.0,5
81481,582.0,8324.0,5
81595,13660.0,4235.0,5
81609,20800.0,9240.0,5
81888,5233.0,5127.0,5
81918,24930.0,6148.0,5
82010,20405.0,18161.0,5
82030,2814.0,6187.0,5
82261,3717.0,3788.0,5
82390,10184.0,2884.0,5
82534,7467.0,9341.0,5
82773,4161.0,1814.0,5
82776,11084.0,5779.0,5
82789,9944.0,2005.0,5
82987,12265.0,4616.0,5
83020,1949.0,16831.0,5
83070,6167.0,6427.0,5
83271,6726.0,11458.0,5
83859,11394.0,801.0,5
83942,9533.0,6427.0,5
83946,5953.0,9511.0,5
83987,14213.0,2592.0,5
84041,5963.0,6152.0,5
84047,15639.0,2404.0,5
84336,7193.0,5823.0,5
84453,9253.0,16663.0,5
84486,2884.0,25718.0,5
84568,7838.0,5574.0,5
84569,4219.0,5131.0,5
84691,23863.0,5574.0,5
84710,10386.0,8791.0,5
84715,20654.0,10564.0,5
84837,4333.0,5446.0,5
84846,13986.0,21721.0,5
84852,6398.0,16712.0,5
84891,10472.0,6720.0,5
84942,8269.0,2349.0,5
84991,2193.0,14740.0,5
85138,11110.0,7648.0,5
85215,10147.0,13846.0,5
85297,5017.0,27681.0,5
85344,14720.0,2092.0,5
85516,582.0,15964.0,5
85683,20852.0,5574.0,5
85762,1873.0,18732.0,5
85839,853.0,6040.0,5
85974,25023.0,1745.0,5
86089,1920.0,15299.0,5
86199,24979.0,21427.0,5
86295,17089.0,2426.0,5
86506,6221.0,14213.0,5
86565,1322.0,29547.0,5
86693,10184.0,8509.0,5
86730,9253.0,10605.0,5
86944,13588.0,4508.0,5
86962,2077.0,2193.0,5
87018,21105.0,7648.0,5
87038,9078.0,582.0,5
87226,1384.0,2193.0,5
87814,4300.0,3873.0,4
88303,12280.0,7075.0,4
88343,4169.0,3375.0,4
88514,3820.0,25022.0,4
88527,7717.0,3070.0,4
88538,853.0,10490.0,4
88699,881.0,9390.0,4
88912,2805.0,4235.0,4
88961,10461.0,18055.0,4
88983,4445.0,3788.0,4
89054,25291.0,1322.0,4
89279,3447.0,9029.0,4
89708,15284.0,23468.0,4
89755,7911.0,26081.0,4
89838,7592.0,2193.0,4
89955,2995.0,16383.0,4
89968,11940.0,14027.0,4
90364,9360.0,5015.0,4
90423,10587.0,1920.0,4
90692,6187.0,20282.0,4
90695,24802.0,11110.0,4
90696,21148.0,21116.0,4
90774,4727.0,5967.0,4
90921,13846.0,801.0,4
90925,18686.0,13846.0,4
90932,5237.0,11900.0,4
91114,6710.0,8729.0,4
91227,10353.0,1529.0,4
91388,1930.0,12225.0,4
91412,2077.0,3637.0,4
91651,1920.0,10164.0,4
91694,6567.0,1619.0,4
91728,17190.0,18149.0,4
91897,10588.0,4291.0,4
91962,2814.0,20282.0,4
92018,5574.0,11419.0,4
92040,14205.0,18055.0,4
92075,18218.0,6721.0,4
92308,23758.0,5574.0,4
92310,14161.0,15974.0,4
92535,5779.0,20550.0,4
92774,6632.0,8954.0,4
93052,4000.0,18103.0,4
93092,10169.0,6152.0,4
93113,20405.0,25840.0,4
93136,1015.0,14576.0,4
93149,6465.0,14518.0,4
93293,1843.0,6204.0,4
93331,4219.0,10017.0,4
93362,3070.0,2739.0,4
93435,10893.0,7416.0,4
93456,5944.0,1352.0,4
93835,19763.0,6427.0,4
93837,15417.0,9029.0,4
94011,4444.0,8974.0,4
94032,20800.0,4511.0,4
94227,10780.0,5574.0,4
94317,19243.0,19489.0,4
94383,8151.0,3272.0,4
94767,9240.0,9810.0,4
94793,12576.0,8954.0,4
94894,1322.0,24330.0,4
95120,582.0,10104.0,4
95206,7838.0,14213.0,4
95430,26650.0,27968.0,4
95492,6716.0,26163.0,4
95519,4400.0,2349.0,4
95756,7911.0,10685.0,4
96012,13043.0,2814.0,4
96178,19183.0,14880.0,4
96775,13103.0,3207.0,4
96878,6490.0,2008.0,4
96970,6710.0,5015.0,4
96994,6221.0,12135.0,4
97133,15680.0,1949.0,4
97154,19763.0,10180.0,4
97229,9599.0,18581.0,4
97484,20862.0,2264.0,4
97652,9428.0,5967.0,4
97803,9360.0,8729.0,4
97869,7193.0,7467.0,4
97961,6734.0,26163.0,4
97983,14205.0,6152.0,4
97984,1930.0,15911.0,4
98017,1930.0,10893.0,4
98167,11084.0,3534.0,4
98419,9949.0,2360.0,4
98459,17071.0,5574.0,4
98638,17194.0,7838.0,4
98855,1930.0,17933.0,4
98927,853.0,28552.0,4
98978,12985.0,2090.0,4
99011,5015.0,22292.0,4
99131,14097.0,28646.0,4
99255,6849.0,801.0,4
99500,29445.0,582.0,4
99686,2616.0,5015.0,4
99687,16044.0,13144.0,4
99700,5461.0,3044.0,4
99791,6345.0,9623.0,4
99921,1949.0,21028.0,4
100058,4059.0,3147.0,4
100632,27601.0,25972.0,4
100775,5862.0,12935.0,4
100800,9638.0,10996.0,4
100932,9812.0,7853.0,4
101869,26899.0,3604.0,4
101919,2005.0,1212.0,4
102236,17253.0,6148.0,4
102730,23551.0,10017.0,4
102797,3576.0,14097.0,4
102915,1777.0,18105.0,4
103283,8675.0,18401.0,4
103285,3125.0,10895.0,4
103380,19103.0,5451.0,4
103547,11084.0,6720.0,4
103607,2534.0,3272.0,4
103631,881.0,20007.0,4
103659,9638.0,25750.0,4
103686,13241.0,8111.0,4
103751,12237.0,3270.0,4
103782,2825.0,2739.0,4
103870,5315.0,7838.0,4
103890,1930.0,2360.0,4
103920,1930.0,5131.0,4
103925,27287.0,1814.0,4
103970,6465.0,7416.0,4
104164,2867.0,5877.0,4
104252,11153.0,4127.0,4
104262,13396.0,20109.0,4
104290,21539.0,15284.0,4
104580,1444.0,3612.0,4
104605,20498.0,2090.0,4
104926,9078.0,9183.0,4
104928,6378.0,1619.0,4
105023,5574.0,16618.0,4
105361,20282.0,14393.0,4
105364,10472.0,17718.0,4
105440,1949.0,23273.0,4
105461,23619.0,18944.0,4
105473,6734.0,2360.0,4
105589,1105.0,23322.0,4
105914,2928.0,1698.0,4
105919,1384.0,2465.0,4
106039,5487.0,7075.0,4
106050,1576.0,24237.0,4
106080,10795.0,5492.0,4
106340,1322.0,8329.0,4
106437,1015.0,10892.0,4
106554,5281.0,2193.0,4
106656,8644.0,14027.0,4
106843,6366.0,18328.0,4
107008,23503.0,1444.0,4
107110,11153.0,4785.0,4
107169,15546.0,1949.0,4
107219,1444.0,801.0,4
107236,7871.0,1444.0,4
107281,29491.0,2090.0,4
107538,1015.0,808.0,4
107570,20498.0,2349.0,4
107675,4802.0,10786.0,4
108264,7198.0,7592.0,4
108606,5968.0,1814.0,4
108629,3494.0,2739.0,4
108666,25548.0,4785.0,4
108983,1384.0,13650.0,4
109033,1015.0,9925.0,4
109197,1873.0,9469.0,4
109256,3514.0,4333.0,4
109392,10515.0,1352.0,4
109551,1384.0,11008.0,4
109556,4763.0,10218.0,4
109690,6726.0,17931.0,4
109726,2586.0,2264.0,4
109810,9812.0,5127.0,4
109819,6167.0,4911.0,4
110248,3922.0,11394.0,4
110300,19763.0,6167.0,4
110436,17504.0,8597.0,4
110468,4283.0,1352.0,4
110521,1777.0,18328.0,4
110726,22797.0,1444.0,4
110942,6734.0,15807.0,4
111018,12779.0,6090.0,4
111075,2867.0,10396.0,4
111085,3637.0,22498.0,4
111478,6373.0,25318.0,4
111519,15570.0,801.0,4
111546,3116.0,1920.0,4
111847,27287.0,5967.0,4
111854,3082.0,9029.0,4
112105,5818.0,4763.0,4
112185,5305.0,5944.0,4
112190,4333.0,24237.0,4
112261,29022.0,15606.0,4
112472,1015.0,822.0,4
112667,582.0,3448.0,4
112693,10402.0,1619.0,4
112764,3604.0,7596.0,4
112826,10868.0,23321.0,4
112894,2092.0,644.0,4
113440,21171.0,2884.0,4
113537,6389.0,7467.0,4
113576,12280.0,7950.0,4
113739,6545.0,4444.0,4
113753,10685.0,6191.0,4
113759,8106.0,6845.0,4
113818,8131.0,13186.0,4
114110,11084.0,9314.0,4
114181,853.0,22515.0,4
114210,6632.0,9949.0,4
114217,26303.0,8509.0,4
114341,6567.0,4511.0,4
114403,15391.0,10335.0,4
114516,3880.0,2193.0,4
114817,7596.0,1719.0,4
114857,20294.0,3701.0,4
114938,10461.0,21907.0,4
114954,3070.0,5894.0,4
115050,6187.0,1814.0,4
115089,4768.0,23322.0,4
115178,4308.0,22078.0,4
115225,4308.0,5628.0,4
115293,5023.0,5967.0,4
115353,1576.0,25298.0,4
115591,5451.0,14391.0,4
115624,5774.0,18318.0,4
115794,4154.0,1745.0,4
115854,6490.0,5712.0,4
116044,7780.0,3044.0,4
116183,7911.0,801.0,4
116238,4300.0,5415.0,4
116319,3375.0,20654.0,4
116371,14518.0,23224.0,4
116467,1015.0,20197.0,4
116489,5233.0,13706.0,4
116593,8106.0,3717.0,4
116683,4511.0,8990.0,4
116820,17920.0,26970.0,4
116838,5305.0,3044.0,4
116888,5023.0,1352.0,4
116979,3147.0,2648.0,4
117249,15639.0,4785.0,4
117317,1322.0,6490.0,4
117384,29041.0,4802.0,4
117400,8432.0,2193.0,4
117417,2092.0,12568.0,4
117572,5487.0,11393.0,4
117795,21063.0,7075.0,4
117867,4841.0,582.0,4
117912,7681.0,4616.0,4
117945,5451.0,19197.0,4
118080,12588.0,2616.0,4
118097,16712.0,16753.0,4
118113,4632.0,15314.0,4
118285,2231.0,10461.0,4
118376,10685.0,7102.0,4
118448,6398.0,11159.0,4
118650,5305.0,9469.0,4
118761,4690.0,5771.0,4
118765,8675.0,10147.0,4
118861,21315.0,10017.0,4
119212,2193.0,23335.0,4
120167,16638.0,2739.0,4
120348,10680.0,18327.0,4
120504,5776.0,5101.0,4
120634,3070.0,14721.0,4
120649,1015.0,21957.0,4
120667,7265.0,2193.0,4
120859,163.0,582.0,4
121713,12673.0,6107.0,4
121884,5310.0,11008.0,4
121971,5017.0,23791.0,4
122206,15758.0,16753.0,4
122349,12237.0,970.0,4
122460,7911.0,2092.0,4
122488,1015.0,5552.0,4
122501,7838.0,17071.0,4
122712,13846.0,14610.0,4
122830,15649.0,20155.0,4
123001,20756.0,1116.0,4
123193,12176.0,7276.0,4
123275,1384.0,27358.0,4
123374,13986.0,19499.0,4
123434,19763.0,9533.0,4
123571,1949.0,17022.0,4
123609,2092.0,23826.0,4
123685,9949.0,11802.0,4
123693,2426.0,3925.0,4
123784,329.0,7193.0,4
124077,24802.0,21105.0,4
124440,19024.0,3147.0,4
124964,11153.0,15639.0,4
125015,3116.0,1162.0,4
125029,14097.0,18732.0,4
125123,5305.0,1873.0,4
125153,9240.0,4511.0,4
125211,2586.0,7075.0,4
125288,4632.0,1726.0,4
125292,5233.0,982.0,4
125710,5341.0,4169.0,4
125819,5151.0,6204.0,4
125981,3058.0,5492.0,4
126017,17071.0,2825.0,4
126271,3534.0,2077.0,4
126315,2648.0,1116.0,4
126449,12347.0,8954.0,4
126450,8106.0,20862.0,4
126487,23637.0,10895.0,4
126618,28061.0,2264.0,4
126711,4291.0,12459.0,4
126745,14739.0,1920.0,4
126904,6721.0,6304.0,4
127091,3116.0,25548.0,4
127304,11110.0,26295.0,4
127325,2388.0,2090.0,4
127726,1015.0,26032.0,4
128047,1529.0,1444.0,4
128098,17178.0,3820.0,4
128113,5779.0,3534.0,4
128142,17658.0,14272.0,4
128173,6378.0,5967.0,4
128221,2005.0,808.0,4
128339,26081.0,10147.0,4
128371,20498.0,1352.0,4
128396,7380.0,9111.0,4
128516,6398.0,1352.0,4
128615,11458.0,10386.0,4
128697,10893.0,1352.0,4
128823,29499.0,5131.0,4
128846,7184.0,12296.0,4
129018,28552.0,14213.0,4
129387,4308.0,6205.0,4
129561,2867.0,14727.0,4
129607,9511.0,1352.0,4
129655,4727.0,24047.0,4
129773,7826.0,16959.0,4
129976,6465.0,4333.0,4
130087,10147.0,801.0,4
130128,2787.0,27287.0,4
130213,8076.0,16253.0,4
130290,5771.0,158.0,4
130386,3511.0,21148.0,4
130492,1322.0,5504.0,4
130580,2805.0,26944.0,4
130642,4300.0,28158.0,4
130710,1619.0,21063.0,4
130750,3116.0,6107.0,4
130823,20959.0,1777.0,4
130959,16860.0,1352.0,4
130983,18774.0,10895.0,4
131425,11159.0,25324.0,4
131502,24979.0,7522.0,4
131726,881.0,26.0,4
131991,5779.0,1322.0,4
132204,1576.0,13706.0,4
132251,5963.0,18055.0,4
132532,4511.0,22639.0,4
132596,17922.0,15606.0,4
132665,10353.0,12145.0,4
132892,2092.0,2592.0,4
133087,2787.0,8509.0,4
133342,4632.0,4550.0,4
133372,2814.0,11900.0,4
133582,26108.0,3788.0,4
133687,12588.0,21709.0,4
133977,23778.0,10017.0,4
134007,21434.0,5771.0,4
134071,5953.0,1745.0,4
134614,2077.0,23587.0,4
134741,2077.0,22566.0,4
135038,4334.0,19489.0,4
135055,4309.0,4308.0,4
135301,9623.0,5131.0,4
135474,17965.0,2264.0,4
135492,1920.0,12981.0,4
135495,21148.0,24131.0,4
135555,17403.0,2487.0,4
136166,23321.0,10557.0,4
136177,23322.0,1726.0,4
136238,21199.0,27358.0,4
136319,801.0,2264.0,4
136323,3576.0,3494.0,4
136519,2867.0,3044.0,4
136686,1698.0,18565.0,4
136696,16730.0,5963.0,4
136733,1062.0,1116.0,4
136851,6047.0,18581.0,4
136889,13474.0,4000.0,4
136921,12935.0,16383.0,4
136993,853.0,4667.0,4
137248,25023.0,2310.0,4
137478,1742.0,3147.0,4
137578,8597.0,5774.0,4
137795,9634.0,10895.0,4
137857,4000.0,4225.0,4
137981,13201.0,6204.0,4
138075,3147.0,16903.0,4
138157,2534.0,9029.0,4
138373,4300.0,19397.0,4
139249,8150.0,10959.0,4
139590,26516.0,2349.0,4
139696,15314.0,3820.0,4
139841,23359.0,19488.0,4
139851,9812.0,3637.0,4
140022,8974.0,2008.0,4
140165,853.0,28264.0,4
140193,3604.0,9565.0,4
140252,881.0,3061.0,4
140648,21525.0,5015.0,4
140765,8111.0,1814.0,4
140798,26709.0,1920.0,4
140832,1384.0,2135.0,4
140896,4219.0,23997.0,4
140903,9949.0,22323.0,4
140948,6490.0,12666.0,4
140952,39.0,5771.0,4
141017,12598.0,4154.0,4
141028,1930.0,1352.0,4
141033,6427.0,5574.0,4
141049,11515.0,2090.0,4
141080,7189.0,27211.0,4
141182,1576.0,25023.0,4
141321,12296.0,2008.0,4
141468,12436.0,13325.0,4
141505,22950.0,853.0,4
141539,8111.0,13103.0,4
141551,6107.0,1949.0,4
141564,1015.0,4629.0,4
141594,21088.0,1116.0,4
141871,10123.0,3044.0,4
141904,822.0,7467.0,4
141938,8106.0,15985.0,4
142131,9078.0,11356.0,4
142278,13103.0,1619.0,4
142377,853.0,19556.0,4
142406,9078.0,1119.0,4
142629,15052.0,4444.0,4
142710,28293.0,1619.0,4
142738,1444.0,25939.0,4
142775,6716.0,2360.0,4
142783,3701.0,2193.0,4
143019,5017.0,12401.0,4
143136,2814.0,10564.0,4
143367,6187.0,2349.0,4
143451,10472.0,19705.0,4
143592,7663.0,28747.0,4
143624,3116.0,12436.0,4
143689,4400.0,2090.0,4
143836,5882.0,2349.0,4
143919,1384.0,2118.0,4
144125,6148.0,16267.0,4
144161,582.0,10744.0,4
144274,9638.0,24441.0,4
144351,22635.0,5740.0,4
144365,23321.0,25324.0,4
144416,8527.0,2193.0,4
144471,9524.0,3044.0,4
144701,8106.0,4169.0,4
144884,4802.0,1777.0,4
145003,15965.0,5574.0,4
145187,8106.0,11802.0,4
145222,1742.0,7416.0,4
145274,20717.0,27358.0,4
145522,12487.0,7075.0,4
145531,24568.0,2077.0,4
145585,12117.0,26650.0,4
145673,9240.0,5504.0,4
145697,8357.0,10386.0,4
145729,13445.0,2426.0,4
146065,5305.0,7877.0,4
146199,9078.0,15964.0,4
146246,6221.0,2592.0,4
146355,11646.0,2349.0,4
146665,7416.0,23224.0,4
146806,18473.0,2739.0,4
147431,5305.0,1745.0,4
147493,5017.0,9314.0,4
147840,7467.0,14578.0,4
147944,2884.0,14130.0,4
147973,23537.0,11394.0,4
147995,6973.0,24355.0,4
148202,20498.0,1444.0,4
148450,6716.0,15807.0,4
148707,1015.0,531.0,4
148883,17718.0,7102.0,4
148943,26387.0,9029.0,4
149195,2787.0,13474.0,4
149345,20740.0,15284.0,4
149597,7911.0,2264.0,4
149924,25643.0,2426.0,4
150336,8675.0,9996.0,4
150340,4308.0,13495.0,4
150507,2867.0,5968.0,4
150555,1576.0,6152.0,4
150685,7193.0,2426.0,4
150953,10353.0,8954.0,4
151048,8377.0,23878.0,4
151104,6383.0,6304.0,4
151183,15043.0,4802.0,4
151184,10472.0,4225.0,4
151514,7167.0,16753.0,4
151601,2814.0,5727.0,4
151656,14267.0,2008.0,4
151709,5968.0,2264.0,4
152123,1352.0,17933.0,4
152720,4970.0,7826.0,4
152768,2005.0,9341.0,4
153017,4009.0,582.0,4
153254,6911.0,10996.0,4
153276,7184.0,2008.0,4
153628,24269.0,3207.0,4
153668,6383.0,18944.0,4
153760,7915.0,12280.0,4
153918,1322.0,12666.0,4
154367,8106.0,1619.0,4
154410,3502.0,8509.0,4
154599,5416.0,5451.0,4
154807,6911.0,27601.0,4
154861,1384.0,801.0,4
155000,13103.0,12111.0,3
155047,5066.0,10461.0,3
155197,5489.0,21735.0,3
155292,15985.0,990.0,3
155471,23569.0,5101.0,3
155585,10996.0,24131.0,3
155673,8150.0,11159.0,3
156020,13521.0,23878.0,3
156041,24037.0,4219.0,3
156080,2005.0,1675.0,3
156090,1384.0,2092.0,3
156127,20743.0,12280.0,3
156182,14518.0,10929.0,3
156274,17718.0,15985.0,3
156305,5492.0,10379.0,3
156421,5237.0,3044.0,3
156673,1444.0,9381.0,3
156675,15600.0,4763.0,3
156699,7189.0,2360.0,3
156702,10929.0,6911.0,3
156713,15611.0,24723.0,3
156738,5150.0,15391.0,3
156769,8675.0,6217.0,3
156830,4632.0,13805.0,3
156956,9635.0,8621.0,3
157158,4444.0,7348.0,3
157329,6431.0,5953.0,3
157363,1814.0,801.0,3
157381,3612.0,1352.0,3
157400,2373.0,5967.0,3
157531,440.0,20007.0,3
157553,12588.0,11536.0,3
157578,17965.0,10621.0,3
157586,29283.0,6107.0,3
157606,15815.0,10649.0,3
157865,7717.0,8597.0,3
158062,1777.0,19147.0,3
158141,15815.0,14796.0,3
158161,4809.0,7826.0,3
158438,7184.0,16477.0,3
158647,7377.0,22989.0,3
158868,9996.0,7592.0,3
158926,881.0,24146.0,3
159003,13474.0,4169.0,3
159061,6167.0,28837.0,3
159102,13616.0,2349.0,3
159233,15911.0,5131.0,3
159273,5779.0,9314.0,3
159414,13241.0,18235.0,3
159536,24269.0,16477.0,3
159675,4178.0,7467.0,3
159692,10795.0,5967.0,3
159863,25567.0,24723.0,3
159921,5779.0,2616.0,3
160158,3806.0,3116.0,3
160167,23758.0,7838.0,3
160380,5740.0,13846.0,3
160456,6090.0,2586.0,3
160552,24265.0,16753.0,3
160621,13474.0,2739.0,3
161147,11901.0,22989.0,3
161303,4059.0,5779.0,3
161348,12935.0,9757.0,3
161379,1015.0,4349.0,3
161380,4802.0,12484.0,3
161423,6090.0,3375.0,3
161426,24308.0,17728.0,3
161599,1384.0,25643.0,3
161631,6726.0,1956.0,3
161855,9996.0,29137.0,3
162022,6383.0,26474.0,3
162187,3806.0,1920.0,3
162306,25549.0,7075.0,3
162507,4763.0,8882.0,3
162606,14256.0,1619.0,3
162688,10133.0,1116.0,3
162699,5017.0,26798.0,3
162705,2005.0,21191.0,3
162895,9078.0,1207.0,3
163129,9996.0,7198.0,3
163133,582.0,1066.0,3
163148,1576.0,3015.0,3
163647,2231.0,18055.0,3
163862,6148.0,11995.0,3
164074,6716.0,13805.0,3
164103,19545.0,20282.0,3
164264,15891.0,3576.0,3
164399,14244.0,4291.0,3
164600,8464.0,1116.0,3
164902,12280.0,6376.0,3
164931,28643.0,853.0,3
164932,24047.0,3375.0,3
165310,5552.0,4154.0,3
165817,2844.0,7193.0,3
166020,1131.0,582.0,3
166029,1930.0,10621.0,3
166213,27710.0,5774.0,3
166423,9111.0,7198.0,3
166452,2373.0,801.0,3
166683,4526.0,2005.0,3
167088,14720.0,10685.0,3
167222,6090.0,6567.0,3
167274,3147.0,1073.0,3
167513,25982.0,2077.0,3
167619,644.0,3044.0,3
167643,7838.0,10780.0,3
167655,28477.0,6204.0,3
167710,11523.0,16618.0,3
167775,20800.0,11393.0,3
167836,2005.0,19199.0,3
168052,17194.0,11110.0,3
168154,3637.0,6876.0,3
168185,14161.0,8357.0,3
168260,1843.0,3604.0,3
168307,1384.0,16526.0,3
168475,6398.0,16531.0,3
169018,18628.0,8729.0,3
169063,6245.0,1322.0,3
169134,4323.0,8974.0,3
169195,11235.0,3375.0,3
169267,15639.0,12766.0,3
169547,25966.0,2805.0,3
169614,7661.0,3637.0,3
169631,1015.0,25543.0,3
169675,5310.0,17266.0,3
169769,3511.0,21116.0,3
169886,11404.0,2426.0,3
170378,13846.0,9314.0,3
170671,1374.0,2090.0,3
170842,4901.0,17076.0,3
170973,853.0,644.0,3
170989,6759.0,3272.0,3
170994,12588.0,4400.0,3
170999,11138.0,3044.0,3
171017,582.0,13734.0,3
171163,7189.0,7877.0,3
171277,25780.0,2005.0,3
171672,3511.0,24131.0,3
172313,17920.0,22250.0,3
172536,23524.0,7252.0,3
172698,1015.0,3599.0,3
172712,19545.0,20460.0,3
172817,18242.0,4511.0,3
172867,13241.0,7160.0,3
172963,7102.0,4502.0,3
173171,3514.0,10929.0,3
173225,9977.0,7348.0,3
173255,15758.0,16712.0,3
173368,17128.0,5967.0,3
173411,4291.0,1698.0,3
173475,26074.0,1352.0,3
173553,7189.0,8509.0,3
173629,22056.0,11394.0,3
173673,5492.0,4911.0,3
173726,7467.0,25130.0,3
173739,8876.0,28473.0,3
173745,6366.0,8944.0,3
173794,1873.0,2373.0,3
173917,7838.0,6447.0,3
174013,29107.0,20862.0,3
174133,2814.0,18401.0,3
174163,19148.0,3272.0,3
174338,17403.0,17990.0,3
174487,9657.0,1444.0,3
174694,4300.0,23787.0,3
174756,4000.0,1619.0,3
174958,10472.0,12985.0,3
175201,10169.0,16618.0,3
175463,3511.0,24441.0,3
175527,15636.0,1698.0,3
175530,25477.0,853.0,3
175668,2426.0,12155.0,3
176522,2787.0,19103.0,3
176523,9572.0,801.0,3
176948,5341.0,9996.0,3
177170,20924.0,14621.0,3
177636,2787.0,26081.0,3
177971,4127.0,4785.0,3
178214,24930.0,7663.0,3
178222,24979.0,6195.0,3
178302,2349.0,5574.0,3
178337,12496.0,22639.0,3
178580,1930.0,5489.0,3
178928,2005.0,11826.0,3
179256,4333.0,23224.0,3
179419,2005.0,10401.0,3
179683,12535.0,7348.0,3
179753,17828.0,4763.0,3
179830,11110.0,6924.0,3
179983,6107.0,9902.0,3
180161,5233.0,3044.0,3
180306,6431.0,6204.0,3
180309,18942.0,9136.0,3
180527,3090.0,1444.0,3
180871,881.0,15436.0,3
180894,21908.0,26650.0,3
180927,13229.0,16712.0,3
181123,9636.0,17202.0,3
181438,5953.0,2739.0,3
181465,14161.0,4744.0,3
181470,4002.0,1920.0,3
181544,5944.0,4161.0,3
181779,3511.0,6632.0,3
181864,6757.0,582.0,3
181929,16663.0,2264.0,3
181951,5305.0,26574.0,3
182100,3900.0,7193.0,3
182291,3002.0,5953.0,3
182396,6366.0,13236.0,3
182401,5569.0,8597.0,3
183189,12684.0,8597.0,3
183221,8675.0,24647.0,3
183262,19754.0,5492.0,3
183274,11153.0,29557.0,3
183554,20330.0,10959.0,3
183894,876.0,14621.0,3
183950,12604.0,3576.0,3
184054,27371.0,10809.0,3
184095,17683.0,4000.0,3
184220,8445.0,1698.0,3
184403,3873.0,1619.0,3
184442,6726.0,9624.0,3
184641,21047.0,5771.0,3
184905,14217.0,3092.0,3
185113,27358.0,6412.0,3
185192,1930.0,4502.0,3
185311,881.0,12263.0,3
185338,12985.0,16841.0,3
185399,4400.0,5015.0,3
185494,12892.0,2077.0,3
185615,14872.0,13474.0,3
185814,2005.0,3877.0,3
185818,8675.0,7102.0,3
185924,5305.0,15597.0,3
186080,8106.0,4511.0,3
186115,4970.0,9765.0,3
186162,18947.0,4235.0,3
186165,4291.0,12515.0,3
186227,27170.0,1698.0,3
186235,6167.0,2551.0,3
186490,4127.0,15639.0,3
186859,19082.0,9136.0,3
187110,10432.0,1698.0,3
187143,4291.0,27170.0,3
187148,2867.0,10133.0,3
187274,8729.0,15487.0,3
187376,20033.0,9949.0,3
187385,12604.0,2805.0,3
187429,4508.0,24610.0,3
187536,13325.0,16648.0,3
187593,4445.0,16730.0,3
187784,582.0,10860.0,3
187940,11058.0,14381.0,3
188371,1930.0,20852.0,3
188379,20984.0,20862.0,3
188550,1015.0,3683.0,3
188634,15284.0,11754.0,3
188828,3447.0,3701.0,3
188907,3907.0,2077.0,3
188935,5951.0,1015.0,3
188977,6545.0,15815.0,3
189222,14256.0,22462.0,3
189236,4444.0,8868.0,3
189537,2867.0,12576.0,3
189741,2426.0,22236.0,3
189763,9812.0,12666.0,3
190062,5237.0,28293.0,3
190182,582.0,514.0,3
190466,10386.0,17931.0,3
190651,5310.0,17022.0,3
190678,14805.0,16618.0,3
191032,8131.0,8597.0,3
191245,5233.0,5552.0,3
191295,19763.0,23454.0,3
191302,853.0,9542.0,3
191470,23503.0,4444.0,3
191502,29239.0,1698.0,3
191530,4169.0,10017.0,3
191778,5237.0,21958.0,3
191891,3147.0,3171.0,3
191989,4802.0,3534.0,3
192337,4809.0,18787.0,3
192407,5944.0,25718.0,3
192516,881.0,801.0,3
192532,16531.0,16712.0,3
192696,18985.0,6152.0,3
192747,7316.0,2426.0,3
192782,13782.0,8076.0,3
192810,8131.0,24758.0,3
193714,17658.0,6535.0,3
193802,2092.0,26944.0,3
194000,18639.0,4802.0,3
194112,853.0,5310.0,3
194387,5779.0,10838.0,3
194482,27211.0,8509.0,3
194605,6383.0,23619.0,3
194848,8131.0,9810.0,3
194886,6398.0,15758.0,3
195067,12225.0,25246.0,3
195162,6734.0,5487.0,3
195201,17403.0,272.0,3
195207,1576.0,5552.0,3
195224,13706.0,5552.0,3
195360,4333.0,17328.0,3
195396,4445.0,4169.0,3
195406,5315.0,6152.0,3
195929,3002.0,18055.0,3
195937,6366.0,11646.0,3
196804,881.0,10896.0,3
196852,12733.0,8621.0,3
196854,2867.0,1352.0,3
196895,1015.0,5474.0,3
197070,10929.0,8310.0,3
197526,7877.0,1352.0,3
197582,11084.0,16831.0,3
197810,27597.0,24723.0,3
198390,14161.0,4323.0,3
198391,18743.0,4785.0,3
198468,4445.0,2092.0,3
198595,8914.0,3147.0,3
198872,6872.0,18328.0,3
199083,6221.0,28552.0,3
199092,5416.0,26906.0,3
199279,16730.0,12568.0,3
199302,13474.0,8954.0,3
199474,7991.0,4235.0,3
199475,15639.0,2850.0,3
199782,175.0,5771.0,3
199864,14027.0,24528.0,3
199962,20565.0,18327.0,3
200031,13623.0,17071.0,3
200040,582.0,2783.0,3
200348,8974.0,3086.0,3
200403,18787.0,2264.0,3
200470,29499.0,10017.0,3
200825,1162.0,1920.0,3
200867,15850.0,3070.0,3
200905,1827.0,14322.0,3
200933,4282.0,1322.0,3
200982,15985.0,2264.0,3
201020,13066.0,13805.0,3
201049,5839.0,4154.0,3
201162,8150.0,9136.0,3
201219,5489.0,3207.0,3
201226,4970.0,20155.0,3
201241,5305.0,3467.0,3
201289,10895.0,17275.0,3
201403,24308.0,2825.0,3
201485,3070.0,6185.0,3
201647,6345.0,9240.0,3
201892,7198.0,102.0,3
202124,10895.0,23273.0,3
202299,24113.0,7075.0,3
202360,15985.0,7102.0,3
202649,24037.0,9240.0,3
202702,7911.0,8675.0,3
202744,23524.0,5606.0,3
202805,16662.0,15284.0,3
202835,14161.0,2008.0,3
202930,22029.0,11393.0,3
202951,12797.0,13623.0,3
203015,12104.0,14213.0,3
203083,10288.0,1444.0,3
203097,4667.0,801.0,3
203397,1529.0,23878.0,3
203676,2373.0,4802.0,3
203730,5233.0,4970.0,3
203800,12588.0,15487.0,3
203901,21943.0,4219.0,3
204024,19621.0,4970.0,3
204088,20684.0,2193.0,3
204263,14357.0,4763.0,3
204296,1015.0,1744.0,3
204324,6913.0,10895.0,3
204532,6427.0,23113.0,3
204851,10685.0,10147.0,3
205048,14267.0,25764.0,3
205171,10595.0,15606.0,3
205207,9949.0,10621.0,3
205222,8789.0,5310.0,3
205626,808.0,7193.0,3
205685,10750.0,5015.0,3
205974,27638.0,2805.0,3
205985,18690.0,9136.0,3
206304,15815.0,11063.0,3
206511,13706.0,7298.0,3
206538,20717.0,6996.0,3
206754,21782.0,16053.0,3
206762,1920.0,1416.0,3
206769,23524.0,4741.0,3
206941,7877.0,2090.0,3
206972,3116.0,16648.0,3
206980,18787.0,11901.0,3
207168,6427.0,23980.0,3
207291,9078.0,8324.0,3
207294,853.0,6736.0,3
207375,26475.0,9029.0,3
207611,6107.0,24507.0,3
207740,22635.0,13566.0,3
207906,13241.0,10959.0,3
207980,29311.0,2805.0,3
208125,2147.0,18328.0,3
208285,6383.0,3626.0,3
208695,19499.0,1619.0,3
208742,17229.0,13103.0,3
208809,6090.0,5967.0,3
208815,17194.0,13566.0,3
208960,23360.0,3044.0,3
209054,19489.0,11147.0,3
209059,26081.0,1814.0,3
209182,22250.0,24723.0,3
209348,21943.0,10017.0,3
209556,1873.0,4911.0,3
209696,11058.0,3467.0,3
209711,2787.0,6148.0,3
210086,6216.0,3092.0,3
210093,4000.0,801.0,3
210243,11058.0,12265.0,3
210356,13229.0,16753.0,3
210576,5233.0,13623.0,3
210598,3604.0,2651.0,3
211040,1228.0,8131.0,3
211352,5237.0,29533.0,3
211367,9360.0,14267.0,3
211405,5310.0,9902.0,3
211472,16890.0,16753.0,3
211676,26516.0,11646.0,3
211727,4444.0,3805.0,3
211919,4291.0,4283.0,3
212180,7686.0,4616.0,3
212240,10324.0,4616.0,3
212243,11058.0,12134.0,3
212377,9019.0,1949.0,3
212556,4508.0,5083.0,3
212891,13631.0,1116.0,3
213011,14097.0,19978.0,3
213083,5779.0,2193.0,3
213478,1659.0,2805.0,3
213930,4367.0,1352.0,3
214189,8407.0,4235.0,3
214311,3070.0,5376.0,3
214331,6366.0,26906.0,3
214351,6090.0,28061.0,3
214406,6398.0,5310.0,3
214502,4444.0,4283.0,3
214581,10929.0,801.0,3
214739,7826.0,7574.0,3
214825,11695.0,17594.0,3
214937,15570.0,3820.0,3
215161,24308.0,5574.0,3
215443,12809.0,14621.0,3
215726,2481.0,8509.0,3
215973,3147.0,5487.0,3
216104,6199.0,582.0,3
216519,28197.0,2264.0,3
216539,12126.0,9136.0,3
216609,5310.0,1949.0,3
216652,3147.0,4444.0,3
216809,12604.0,27638.0,3
217191,8131.0,9385.0,3
217284,5233.0,1671.0,3
217428,1015.0,19337.0,3
217487,4970.0,13103.0,3
217647,24320.0,5015.0,3
217674,4763.0,9030.0,3
217682,6398.0,16753.0,3
217770,5358.0,2805.0,3
218241,28646.0,2739.0,3
218334,22989.0,19367.0,3
218480,12588.0,6710.0,3
218674,4291.0,3701.0,3
218690,644.0,1619.0,3
218710,24265.0,16712.0,3
218887,5489.0,22462.0,3
219295,22737.0,6973.0,3
219302,26387.0,4291.0,3
219404,23454.0,6427.0,3
219881,27384.0,2739.0,3
220184,25939.0,1352.0,3
220210,7189.0,12265.0,3
220699,4333.0,2586.0,3
220735,20516.0,7276.0,3
220871,26756.0,801.0,3
220891,5967.0,6189.0,3
220912,1956.0,4616.0,3
220922,9078.0,333.0,3
221015,24037.0,5131.0,3
221064,3070.0,6091.0,3
221190,19489.0,20460.0,3
221322,16615.0,2193.0,3
221475,2005.0,23916.0,3
221646,990.0,2090.0,3
221938,16383.0,6705.0,3
221970,5315.0,17071.0,3
222220,12935.0,9590.0,3
222225,6148.0,19683.0,3
222237,5083.0,4000.0,3
222610,11502.0,3092.0,3
222810,19082.0,10959.0,3
223179,1670.0,4000.0,3
223235,14213.0,6152.0,3
223258,23449.0,1814.0,3
223309,11646.0,26906.0,3
223365,14611.0,1015.0,3
223833,16383.0,13481.0,3
224059,4333.0,5961.0,3
224105,7354.0,3701.0,3
224171,10996.0,13987.0,3
224197,13066.0,4154.0,3
224312,16044.0,19545.0,3
224359,29087.0,8131.0,3
224448,6152.0,4225.0,3
224498,8284.0,6973.0,3
224571,5839.0,5131.0,3
224681,4308.0,930.0,3
224707,11279.0,3092.0,3
224877,24269.0,1745.0,3
224970,1670.0,7184.0,3
225105,13474.0,2077.0,3
225378,1444.0,15302.0,3
225682,19549.0,22989.0,3
225714,20330.0,9136.0,3
225967,2092.0,9385.0,3
226104,11084.0,1949.0,3
226124,15815.0,22470.0,3
226342,881.0,16078.0,3
226437,11802.0,8509.0,3
226519,6204.0,15116.0,3
226555,18559.0,3070.0,3
226671,3701.0,13481.0,3
226696,25966.0,12604.0,3
227095,23863.0,26081.0,3
227218,6090.0,2616.0,3
227485,582.0,1011.0,3
227954,4291.0,21286.0,3
228010,24308.0,19545.0,3
228048,6726.0,10347.0,3
228322,13648.0,4511.0,3
228453,7189.0,1873.0,3
228764,853.0,24569.0,3
228855,3604.0,301.0,3
229220,3511.0,13805.0,3
229240,1384.0,24871.0,3
229350,9638.0,27601.0,3
229422,11084.0,5310.0,3
229443,4802.0,10409.0,3
229481,7544.0,23878.0,3
229547,10959.0,19573.0,3
229608,29439.0,7075.0,3
229621,14393.0,15302.0,3
229759,16730.0,2092.0,3
229844,5968.0,1619.0,3
229951,3116.0,13325.0,3
230187,14516.0,9136.0,3
230567,2439.0,3147.0,3
230605,1873.0,4000.0,3
230757,19489.0,12483.0,3
230892,3015.0,8621.0,3
230981,12296.0,23199.0,3
231219,21690.0,4616.0,3
231437,2092.0,6725.0,3
231967,2005.0,11055.0,3
232021,22865.0,1116.0,3
232033,9725.0,5774.0,3
232908,15815.0,1116.0,3
232963,6221.0,16477.0,3
233090,4869.0,2005.0,3
233277,15807.0,4444.0,3
233442,15043.0,6726.0,3
233456,19763.0,23826.0,3
233465,10353.0,2481.0,3
233664,881.0,6175.0,3
233782,9240.0,5131.0,3
233786,3953.0,7102.0,3
233955,12598.0,13846.0,3
234066,7681.0,2756.0,3
234151,12263.0,6973.0,3
234163,4809.0,13805.0,3
234372,27371.0,23997.0,3
234470,5237.0,1698.0,3
234492,11540.0,23322.0,3
234540,12237.0,8246.0,3
234916,6609.0,8597.0,3
234930,12487.0,23321.0,3
234968,20550.0,2193.0,3
234974,10353.0,2360.0,3
235541,24930.0,16267.0,3
235584,2805.0,26871.0,3
235983,5341.0,5953.0,3
236140,6398.0,18401.0,3
236328,6204.0,9992.0,3
236657,13623.0,24277.0,3
237020,8106.0,26413.0,3
237275,9634.0,1949.0,3
237309,23113.0,12094.0,3
237475,3272.0,15839.0,3
237506,9812.0,12111.0,3
237625,5057.0,9136.0,3
237707,1873.0,3447.0,3
237709,6107.0,4785.0,3
238266,6973.0,8107.0,3
238277,881.0,10490.0,3
238453,8131.0,16053.0,3
238609,6973.0,24878.0,3
238704,14161.0,25593.0,3
238726,2805.0,22621.0,3
238835,19395.0,1619.0,3
238914,9437.0,18328.0,3
238920,1384.0,16004.0,3
239064,1670.0,10386.0,3
239219,9336.0,9136.0,3
239221,7838.0,11419.0,3
239491,1015.0,8584.0,3
239622,5667.0,4763.0,3
239655,17920.0,9386.0,3
239734,6090.0,8472.0,3
239804,13637.0,3147.0,3
239858,4632.0,23149.0,3
240280,5237.0,1124.0,3
240299,5315.0,15262.0,3
240333,3272.0,11564.0,3
240476,1444.0,24226.0,3
240667,15185.0,3147.0,3
241007,15224.0,2884.0,3
241297,5233.0,7198.0,3
241419,7903.0,10564.0,3
241440,20516.0,6221.0,3
241509,12935.0,23515.0,3
241612,1873.0,10570.0,3
241764,13124.0,18327.0,3
241837,21859.0,6107.0,3
241886,4802.0,10253.0,3
241959,6427.0,20852.0,3
241987,16531.0,16753.0,3
242320,853.0,27788.0,3
242398,4511.0,12111.0,3
242471,23483.0,3070.0,3
242776,2245.0,5771.0,3
242784,11646.0,10863.0,3
242850,4308.0,19152.0,3
242957,23166.0,3044.0,3
243062,2499.0,1920.0,3
243469,15284.0,8509.0,3
243470,4632.0,3788.0,3
243488,1384.0,4127.0,3
243805,8438.0,23322.0,3
244200,6167.0,23980.0,3
244877,13241.0,5017.0,3
244974,1659.0,20007.0,3
245101,3717.0,5492.0,3
245234,9240.0,4219.0,3
245255,26590.0,4235.0,3
245266,1384.0,22047.0,3
245274,15815.0,14719.0,3
245280,5237.0,7903.0,3
245348,1228.0,3820.0,3
245356,4970.0,21172.0,3
245501,25543.0,2090.0,3
245766,15391.0,11900.0,3
245785,23503.0,14393.0,3
245864,25549.0,5492.0,3
245983,9360.0,12588.0,3
245994,3717.0,15985.0,3
246085,582.0,9183.0,3
246148,26640.0,1352.0,3
246207,26230.0,3092.0,3
246239,6973.0,2264.0,3
246274,11153.0,11747.0,3
246281,4633.0,20007.0,3
246305,17965.0,4000.0,3
246438,15302.0,18055.0,3
246515,14793.0,7075.0,3
246533,14508.0,3701.0,3
246646,4511.0,9810.0,3
246682,4291.0,5461.0,3
246754,11394.0,29137.0,3
246765,5066.0,4154.0,3
246886,17202.0,10595.0,3
246887,9078.0,14854.0,3
246985,3147.0,6734.0,3
247133,5492.0,8107.0,3
247298,15314.0,5967.0,3
247868,22941.0,2426.0,3
247892,582.0,9553.0,3
248096,7189.0,1352.0,3
248135,10014.0,9136.0,3
248273,1352.0,14529.0,3
248338,14518.0,3375.0,3
248429,17658.0,21474.0,3
248492,7102.0,2008.0,3
248661,12347.0,13986.0,3
248696,24930.0,15284.0,3
249095,16044.0,20460.0,3
249108,7915.0,6204.0,3
249177,22377.0,5774.0,3
249314,16585.0,14621.0,3
249425,22377.0,1015.0,3
249624,1930.0,6632.0,3
249672,9253.0,13424.0,3
249771,3147.0,2077.0,3
249783,17202.0,12280.0,3
249786,20405.0,6152.0,3
249856,4323.0,7198.0,3
249909,9590.0,2739.0,3
249919,25652.0,3701.0,3
249931,1376.0,582.0,3
249971,3576.0,27377.0,3
250062,1920.0,1193.0,3
250210,13229.0,10621.0,3
250313,8463.0,7193.0,3
250385,4154.0,3820.0,3
250555,23166.0,9623.0,3
250578,23791.0,19705.0,3
250820,3717.0,9996.0,3
250854,2586.0,5953.0,3
250862,14223.0,17403.0,3
250949,1659.0,5771.0,3
251018,7198.0,3177.0,3
251056,2005.0,69.0,3
251269,1930.0,28747.0,3
251293,17071.0,11393.0,3
251359,13648.0,1698.0,3
251386,9111.0,4802.0,3
251410,12104.0,27287.0,3
251538,27420.0,2090.0,3
251926,3604.0,10604.0,3
251933,329.0,2426.0,3
252035,15091.0,8974.0,3
252150,17403.0,822.0,3
252396,6383.0,10448.0,3
252427,6148.0,1814.0,3
252457,4308.0,8257.0,3
252529,1322.0,20550.0,3
252696,3604.0,24478.0,3
252877,5509.0,3147.0,3
252882,6152.0,16618.0,3
253098,12280.0,801.0,3
253199,5642.0,26682.0,3
253285,15436.0,5953.0,3
253328,1670.0,2426.0,3
253438,11153.0,6376.0,3
254129,1015.0,1952.0,3
254485,4802.0,28991.0,3
254506,3576.0,22455.0,3
254527,12296.0,16477.0,3
254842,11475.0,15815.0,3
254853,6115.0,3044.0,3
254888,11084.0,12985.0,3
254922,5233.0,12316.0,3
254924,6872.0,6366.0,3
255063,12784.0,5492.0,3
255143,5270.0,1352.0,3
255151,6167.0,8814.0,3
255152,6398.0,16890.0,3
255458,7663.0,6973.0,3
255486,8106.0,990.0,3
255644,28883.0,13396.0,3
255762,12812.0,17266.0,3
255844,5944.0,26906.0,3
255893,6090.0,12401.0,3
256106,8598.0,19488.0,3
256118,4970.0,3207.0,3
256341,1873.0,1444.0,3
256515,11058.0,5213.0,3
256551,5017.0,8150.0,3
256587,19183.0,26291.0,3
256638,22865.0,2884.0,3
256668,17835.0,1698.0,3
256729,1414.0,14322.0,3
256821,13325.0,24546.0,3
257440,6734.0,16082.0,3
257457,5083.0,13986.0,3
257588,17194.0,19507.0,3
257639,18787.0,13186.0,3
257647,853.0,24410.0,3
257863,8495.0,17076.0,3
257904,1384.0,26081.0,3
257971,18787.0,19367.0,3
258118,10959.0,20455.0,3
258186,26899.0,7596.0,3
258197,3725.0,582.0,3
258515,24269.0,7826.0,3
258518,27028.0,2077.0,3
258551,9240.0,11393.0,3
258793,4300.0,4901.0,3
258829,17663.0,10017.0,3
258848,26413.0,15985.0,3
258915,5818.0,9029.0,3
258938,7072.0,3070.0,3
259497,8485.0,2005.0,3
259534,17578.0,5492.0,3
259549,10959.0,4225.0,3
259772,1322.0,8509.0,3
260006,17251.0,3820.0,3
260104,1015.0,2487.0,3
260273,11374.0,1920.0,3
260292,7681.0,7160.0,3
260347,147.0,582.0,3
260422,20033.0,1352.0,3
260435,3701.0,6466.0,3
260440,5489.0,19747.0,3
260561,6398.0,13229.0,3
260642,19635.0,2814.0,3
260688,1384.0,21199.0,3
260723,1814.0,5967.0,3
260762,28924.0,19705.0,3
260869,19399.0,25318.0,3
260872,26007.0,2077.0,3
260878,27589.0,10996.0,3
260944,4169.0,7198.0,3
260995,22462.0,1814.0,3
261110,11084.0,9902.0,3
261202,18582.0,4632.0,3
261481,9240.0,13648.0,3
261507,16730.0,1204.0,3
261777,28535.0,14027.0,3
261866,15785.0,5779.0,3
262031,5305.0,10573.0,3
262553,14161.0,14194.0,3
262652,5305.0,1474.0,3
262718,8432.0,3701.0,3
262768,5341.0,7348.0,3
262888,14161.0,22186.0,3
262912,9996.0,13782.0,3
263119,6167.0,4511.0,3
263624,27529.0,3375.0,3
263768,1920.0,18754.0,3
264049,14427.0,1322.0,3
264125,5756.0,3701.0,3
264131,23480.0,8954.0,3
264146,4616.0,10133.0,3
264310,21943.0,5131.0,3
264504,19488.0,9385.0,3
264690,12619.0,1444.0,3
265077,18047.0,10461.0,3
265711,1827.0,1619.0,3
266097,12892.0,5779.0,3
266131,20455.0,9136.0,3
266198,12280.0,2739.0,3
266402,23524.0,11651.0,3
266405,23359.0,8131.0,3
266479,22258.0,2092.0,3
266492,5642.0,27371.0,3
266497,670.0,2090.0,3
266566,18787.0,17266.0,3
266595,8357.0,19489.0,3
266698,25023.0,12094.0,3
266805,2805.0,2924.0,3
267047,329.0,2005.0,3
267102,4291.0,9029.0,3
267309,5101.0,14621.0,3
267705,8284.0,3820.0,3
267774,21958.0,801.0,3
267859,27507.0,7416.0,3
267862,9437.0,1619.0,3
268055,15314.0,2193.0,3
268358,18694.0,9623.0,3
268515,6090.0,4508.0,3
268957,2005.0,5317.0,3
269132,1529.0,19103.0,3
269161,7288.0,2349.0,3
269262,4300.0,1956.0,3
269483,22377.0,8597.0,3
269715,2005.0,1784.0,3
269721,4632.0,4161.0,3
269732,9437.0,1777.0,3
269784,881.0,19488.0,3
269802,5310.0,16831.0,3
270067,2106.0,4235.0,3
270129,9437.0,4511.0,3
270199,4511.0,12159.0,3
270549,4632.0,2787.0,3
270675,1670.0,10959.0,3
270793,853.0,26936.0,3
270871,14518.0,5961.0,3
271055,8675.0,29137.0,3
271064,1015.0,15878.0,3
271284,19505.0,2077.0,3
271342,2867.0,1444.0,3
271870,3576.0,29475.0,3
271960,1668.0,2805.0,3
272017,582.0,10093.0,3
272046,4970.0,13474.0,3
272070,17802.0,2077.0,3
272261,3511.0,10929.0,3
272493,11084.0,17022.0,3
272546,27822.0,13325.0,3
272553,10396.0,20155.0,3
272743,3907.0,22639.0,3
272804,4169.0,29564.0,3
272832,3123.0,3272.0,3
272924,27420.0,2349.0,3
273017,11536.0,8729.0,3
273395,4300.0,25658.0,3
273415,16890.0,16712.0,3
273524,2029.0,13986.0,3
273661,18944.0,6304.0,3
273723,6716.0,3147.0,3
273768,1015.0,11681.0,3
274156,22470.0,2739.0,3
274485,1873.0,1474.0,3
274524,1228.0,4169.0,3
274757,7681.0,1369.0,3
274779,5504.0,10564.0,3
274938,2805.0,19517.0,3
275464,637.0,853.0,3
275838,5305.0,7189.0,3
275859,2481.0,4763.0,3
275879,21709.0,8729.0,3
275940,21735.0,1698.0,3
275962,12935.0,2995.0,3
275972,2092.0,12686.0,3
276086,12779.0,881.0,3
276178,2867.0,3873.0,3
276196,4169.0,27681.0,3
276212,7184.0,7198.0,3
276315,13623.0,4616.0,3
276442,8131.0,19488.0,3
276747,1920.0,2533.0,3
276792,1742.0,1116.0,3
276863,1352.0,1698.0,3
276899,5944.0,12263.0,3
277004,9977.0,6734.0,3
277157,4802.0,25474.0,3
277411,1576.0,24269.0,3
277584,1576.0,6535.0,3
277651,7416.0,5186.0,3
277757,11536.0,5015.0,3
277793,5281.0,1322.0,3
277845,11619.0,7416.0,3
277856,13908.0,6107.0,3
278264,5237.0,13043.0,3
278270,27962.0,1920.0,3
278468,15807.0,8868.0,3
278613,5310.0,13829.0,3
278846,28293.0,1814.0,3
278938,258.0,7276.0,3
278982,20852.0,23113.0,3
279227,7184.0,4744.0,3
279289,19685.0,2090.0,3
279475,3090.0,1352.0,3
279557,16076.0,1015.0,3
279639,5233.0,1576.0,3
279769,5953.0,15278.0,3
279800,14161.0,4334.0,3
279849,15639.0,26406.0,3
279910,2314.0,881.0,3
279971,1322.0,17233.0,3
280022,5017.0,25246.0,3
280176,1873.0,654.0,3
280182,4970.0,20717.0,3
280757,2310.0,1352.0,3
280771,15636.0,6107.0,3
280836,25708.0,5967.0,3
281032,12145.0,15606.0,3
281230,3116.0,22039.0,3
281315,853.0,25837.0,3
281430,3447.0,2193.0,3
281554,1576.0,12535.0,3
281556,7198.0,16841.0,3
281612,9812.0,6245.0,3
281728,6107.0,9407.0,3
281751,2349.0,1745.0,3
281880,12604.0,5727.0,3
281887,21116.0,10996.0,3
281949,10047.0,4763.0,3
282005,9078.0,3926.0,3
282013,4632.0,16825.0,3
282072,7288.0,2090.0,3
282243,13241.0,7380.0,3
282274,10416.0,8076.0,3
282336,853.0,15485.0,3
282426,2005.0,13954.0,3
282877,2005.0,6389.0,3
282925,3070.0,18140.0,3
282953,3272.0,12301.0,3
283530,2867.0,26746.0,3
283645,27480.0,4000.0,3
284137,29076.0,2867.0,3
284337,6167.0,7436.0,3
284696,5233.0,24269.0,3
284747,12935.0,6705.0,3
284820,9297.0,3701.0,3
285018,2005.0,6554.0,3
285169,1873.0,2856.0,3
285205,6345.0,4154.0,3
285637,5233.0,20949.0,3
285753,2388.0,2349.0,3
285816,7467.0,13333.0,3
285940,10564.0,6280.0,3
285965,5920.0,6721.0,3
285983,10137.0,3637.0,3
285986,853.0,1444.0,3
285997,1384.0,23863.0,3
286020,853.0,25233.0,3
286382,2090.0,23446.0,3
286600,7911.0,1384.0,3
286791,5779.0,2077.0,3
286874,12280.0,3626.0,3
286875,5726.0,3604.0,3
287401,4106.0,3070.0,3
287543,327.0,3044.0,3
287684,6152.0,25022.0,3
287833,20282.0,25093.0,3
287880,12347.0,9949.0,3
288243,19645.0,2426.0,3
288295,9996.0,16841.0,3
288413,1576.0,20586.0,3
288439,18690.0,10959.0,3
288567,17658.0,5489.0,3
288702,11734.0,3820.0,3
288754,16841.0,6152.0,3
289218,5341.0,15639.0,3
289294,7681.0,4172.0,3
289427,23676.0,22462.0,3
289586,3604.0,9730.0,3
290043,2077.0,24648.0,3
290225,19469.0,7596.0,3
290307,6090.0,15250.0,3
290329,18629.0,2884.0,3
290684,13610.0,27601.0,3
290717,5968.0,4444.0,3
290943,8246.0,11110.0,3
291082,9029.0,26998.0,3
291130,5492.0,4667.0,3
291255,6601.0,28747.0,3
291438,6383.0,5451.0,3
291457,3604.0,415.0,3
291506,11830.0,801.0,3
291611,6734.0,13805.0,3
291701,11901.0,11393.0,3
291768,16841.0,4225.0,3
291917,7913.0,14621.0,3
291985,11695.0,7999.0,3
292446,15224.0,1116.0,3
292788,1949.0,12249.0,3
292974,19545.0,22047.0,3
293047,26108.0,23113.0,3
293083,3514.0,2090.0,3
293557,7265.0,5779.0,3
293581,582.0,2129.0,3
293763,16383.0,15597.0,3
293773,6204.0,9565.0,3
293775,19573.0,9136.0,3
294101,2092.0,24528.0,3
294249,12604.0,5467.0,3
294265,19488.0,5310.0,3
294733,5779.0,6720.0,3
294948,17538.0,7276.0,3
294993,9812.0,12675.0,3
295004,2077.0,16807.0,3
295068,15095.0,10564.0,3
295072,14267.0,10253.0,3
295189,2092.0,26756.0,3
295315,6204.0,17835.0,3
295651,11163.0,23113.0,3
295837,5489.0,4508.0,3
295954,26413.0,9996.0,3
296157,1015.0,3815.0,3
296561,5492.0,6973.0,3
296603,5779.0,7362.0,3
297109,10134.0,20155.0,3
297160,6148.0,24355.0,3
297295,4169.0,15649.0,3
297364,10959.0,18942.0,3
297398,10353.0,7167.0,3
297451,11058.0,4623.0,3
297609,4308.0,1698.0,3
297671,4333.0,27507.0,3
297856,18620.0,16053.0,3
297878,5642.0,19183.0,3
297904,18536.0,5774.0,3
297931,11475.0,3637.0,3
298099,18977.0,3788.0,3
298183,14097.0,2264.0,3
298657,6716.0,5487.0,3
298905,1930.0,5574.0,3
298987,6447.0,17071.0,3
299285,881.0,5667.0,3
299384,1930.0,12576.0,3
299663,8974.0,9150.0,3
299730,4632.0,7416.0,3
299821,2077.0,16903.0,3
299950,4809.0,4154.0,3
300027,2814.0,8707.0,3
300123,23137.0,11058.0,3
300163,6710.0,1777.0,3
300255,19545.0,14213.0,3
300329,1384.0,10147.0,3
300897,1015.0,25405.0,3
300900,8095.0,5237.0,3
301025,1745.0,1698.0,3
301209,478.0,20007.0,3
301236,14161.0,11458.0,3
301370,3637.0,12666.0,3
301592,6398.0,24265.0,3
301734,6398.0,7167.0,3
301881,21148.0,10996.0,3
301979,881.0,6189.0,3
302013,9078.0,15593.0,3
302036,7184.0,22047.0,3
302448,4445.0,5967.0,3
302556,9437.0,21105.0,3
303173,4511.0,4911.0,3
303863,4169.0,9111.0,3
304057,4632.0,19685.0,3
304061,23162.0,1116.0,3
304163,11163.0,20852.0,3
304303,3092.0,3812.0,3
304452,6345.0,4169.0,3
304543,12673.0,13325.0,3
304647,6383.0,8509.0,3
304721,12237.0,2055.0,3
304737,3717.0,18055.0,3
304766,15052.0,8974.0,3
305034,4308.0,8677.0,3
305224,17190.0,13066.0,3
305404,5944.0,10672.0,3
305553,8974.0,16063.0,3
305559,1814.0,11393.0,3
305589,5779.0,12985.0,3
305753,18787.0,15250.0,3
305766,582.0,1194.0,3
305889,17578.0,801.0,3
305916,5305.0,6351.0,3
305929,13241.0,24408.0,3
306228,23676.0,1619.0,3
306335,2077.0,16437.0,3
306692,20717.0,9437.0,3
306781,7380.0,4161.0,3
306870,10461.0,6152.0,3
306990,21943.0,9623.0,3
307078,18629.0,1116.0,3
307162,8661.0,2092.0,3
307193,4508.0,28579.0,3
307373,1956.0,3044.0,3
307411,9111.0,15985.0,3
307432,7265.0,1322.0,3
307470,1930.0,26640.0,3
307596,11830.0,10929.0,3
307863,29533.0,15391.0,3
307965,1322.0,10838.0,3
308008,7193.0,11008.0,3
308040,881.0,7592.0,3
308140,6148.0,815.0,3
308270,1444.0,16860.0,3
308279,2426.0,2072.0,3
308286,13474.0,5967.0,3
308449,8106.0,9111.0,3
308722,7416.0,5961.0,3
309073,6167.0,23454.0,3
309175,19957.0,28747.0,3
309252,26749.0,11153.0,3
309298,1228.0,7380.0,3
309415,23321.0,11393.0,3
309580,9386.0,24723.0,3
309694,1015.0,2426.0,3
309821,13623.0,10621.0,3
310334,5023.0,4970.0,3
310450,4705.0,2739.0,3
310859,9253.0,6911.0,3
310885,3070.0,10368.0,3
310987,3454.0,3820.0,3
311047,13706.0,5740.0,3
311048,644.0,1444.0,3
311155,3788.0,24809.0,3
311360,1930.0,26074.0,3
311414,22639.0,1619.0,3
311516,26944.0,801.0,3
311525,19763.0,23980.0,3
311546,16659.0,15284.0,3
311938,1444.0,1646.0,3
312032,17920.0,27597.0,3
312083,644.0,2264.0,3
312101,5608.0,14621.0,3
312224,7198.0,1949.0,3
312254,17920.0,24723.0,3
312447,8929.0,2739.0,3
312779,1956.0,1619.0,3
312993,29521.0,801.0,3
313014,8131.0,5487.0,3
313355,11514.0,7193.0,3
313371,4802.0,7975.0,3
313651,1384.0,3953.0,3
313831,25479.0,853.0,3
313973,5489.0,3820.0,3
313991,6700.0,6973.0,3
314185,1576.0,5740.0,3
314256,18218.0,18944.0,3
314533,21096.0,3147.0,3
314569,582.0,3002.0,3
314595,13588.0,4154.0,3
314727,23162.0,2884.0,3
314742,4944.0,4308.0,3
315252,3576.0,16638.0,3
315538,5015.0,15487.0,3
315543,6378.0,27287.0,3
315792,10409.0,18328.0,3
316148,3637.0,6768.0,3
316317,14518.0,27507.0,3
316474,1352.0,13481.0,3
316685,9201.0,4802.0,3
316712,2310.0,2349.0,3
316742,14326.0,18327.0,3
316826,22029.0,7416.0,3
317253,4323.0,7102.0,3
317463,21490.0,1698.0,3
317481,1384.0,6412.0,3
317551,2005.0,822.0,3
317586,4809.0,11393.0,3
317604,14461.0,3147.0,3
317816,4300.0,20056.0,3
317821,3147.0,7574.0,3
317913,4308.0,1150.0,3
318202,582.0,2979.0,3
318297,10959.0,9136.0,3
318595,22503.0,20862.0,3
318658,18110.0,4333.0,3
318884,1444.0,654.0,3
318935,10924.0,17266.0,3
318946,1666.0,3092.0,3
319138,8974.0,5961.0,3
319196,12032.0,4333.0,3
319418,6167.0,12159.0,3
319509,22047.0,2360.0,3
319714,3147.0,3239.0,3
319810,4154.0,25022.0,3
320319,4705.0,16730.0,3
320437,17658.0,13152.0,3
320497,2092.0,3375.0,3
320779,5968.0,12280.0,3
320862,4154.0,5131.0,3
320894,11273.0,1777.0,3
321141,5281.0,5779.0,3
321329,14793.0,9136.0,3
321352,9896.0,1698.0,3
321505,7596.0,5329.0,3
321599,6716.0,9977.0,3
321827,1015.0,5269.0,3
321863,12779.0,2090.0,3
322086,1576.0,2616.0,3
322458,5375.0,20007.0,3
322475,4970.0,16026.0,3
322491,29499.0,9623.0,3
322602,4169.0,10134.0,3
322729,11153.0,18401.0,3
322963,12935.0,21491.0,3
323118,7838.0,15965.0,3
323155,4169.0,24047.0,3
323231,13201.0,3604.0,3
323581,25824.0,13396.0,3
323688,12145.0,5096.0,3
323776,1322.0,6768.0,3
323909,12263.0,1814.0,3
324181,4308.0,5329.0,3
324283,21782.0,1619.0,3
324289,4802.0,18105.0,3
324411,7092.0,2005.0,3
324430,26661.0,3044.0,3
324601,853.0,14781.0,3
324626,1384.0,20717.0,3
324680,8310.0,801.0,3
324896,5944.0,19339.0,3
325064,670.0,1698.0,3
325068,19103.0,1619.0,3
325139,6148.0,14256.0,3
325175,13241.0,16480.0,3
325362,7193.0,98.0,3
325371,27154.0,18327.0,3
325398,16618.0,1116.0,3
325429,6427.0,12611.0,3
325462,24320.0,4508.0,3
325802,3511.0,11827.0,3
325935,3637.0,20332.0,3
325984,1015.0,3665.0,3
326199,22047.0,12686.0,3
326776,12225.0,2805.0,3
326780,1015.0,1889.0,3
327045,4015.0,4308.0,3
327283,3070.0,17762.0,3
327506,6107.0,13144.0,3
327641,17920.0,25567.0,3
327833,7661.0,13986.0,3
327866,6721.0,801.0,3
327951,17920.0,15611.0,3
328009,853.0,27584.0,3
328056,2220.0,582.0,3
328136,17190.0,18731.0,3
328311,1376.0,4308.0,3
328445,4291.0,21490.0,3
328467,4291.0,9896.0,3
328514,8944.0,18328.0,3
328533,18977.0,7075.0,3
328543,11159.0,19705.0,3
328898,582.0,403.0,3
328988,20638.0,1777.0,3
329145,9437.0,11110.0,3
